slope,intercept,threshold,max_certified_N,num_points
-0.014412829412613614,0.8902430006133625,0.5,20,12
